{"file_hashes":[{"block_hashes":["UtH6cvTPO8j23wahHeAzJrKRjVpZ+9rNbxkRlauVwjM="],"block_size":4096,"path":"_locales/nn/messages.json"},{"block_hashes":["plrSCpKgDFaJfp0UuNTrysoyOOurjwp1SG6vGgc/+qY="],"block_size":4096,"path":"_locales/no/messages.json"},{"block_hashes":["TS6Qk7e9nYYInt78RJehhad2Q3xOkso8r4XuzpWxMnw=","85Jg6arZXev7pQRnmscfgDdB1b1c69St6UeEeRUqnzA=","Vo2fkzo1SpzqU0JhNFCUD4A/9ZZmtpVzhufWqhkSE3Y="],"block_size":4096,"path":"data/context-menu.js"},{"block_hashes":["nwADfnBRl3YsGGmNmnOIr1YyQK4AZLNkr018sA6WTag=","okSIudqjqaNy5LY6bpbJrmp1dBh5DB0q+QfYgTfExTw=","qMGAFwQwGZQOz/zNh0GscRbhWm6tGjvc6rDCQMlWiKE=","eEKjcToSe/5bzbGGCzg8X98Rnt2Wc3ZEjwkbRi+a9es=","+roRDG5P5RwwiLa/ICY11R96qZ2P1n2yKUxww7hW94E=","BHrFCXPumkuZEw+qCahFn9LAEm1DLiawIircdvmKxS0=","pANcgdaZNdeYfZeop7FQdxVLwZkr0e2S3gQda4Ak6pE=","u2rlNAKb03Hdz8va7EbKjsRjaEqvWg1fUubZvQ60bQM=","Cihz8rBqtrMoWqh6dG5GuuRam1mhouT8weD7HVT6Jpo=","P8L3YOFOcUqakrCTJhGW+VxulXY1ADIoBWWwYGlnyt8=","YJrYH09qLLlvXTD0/ctbBwXq+k9oaImSxkE09g1E5Cg=","liyz2n+2jN+/9ZKOqNuNBq6zUw5oQI9WLMjA4YgqugU=","B8ZOb7LJNGXEIDQY+hF+EfNhAeCY85adrSQZ83tPCMQ=","Ks/gIYdki3+dVjwH9AwUwjkioDy42KuGG9/OftCxiDU=","IlASbKOjiuMYlR9iM6rvYOfz8kQ6G07Q+QpYTHaBsFo=","rVez5Xi1/UsdkBG3SzVrQ51p3rB6E8pwv0tsTwnylWw=","w+q7u2uxZOCutzEqK0uwmnT50wAFknIIsQppxtm9JIg=","2ACLhs61RxecOZLllUVKf8Ppl24TEJXpgAPckcRr9GI=","pZN09vVnQCxWAzwrXr1wepGRshW0wFTU2UD99BzkGOI=","1tBfZAwpPKc5o5xyyvs+JLJf3mLn8WDa0/K0BRWD5t0=","p6/FZtd/LW9UhAeeDTNNd53Evs2Sbf5sv5DO9GXeN40=","pUjn+26lpeLVBb4NfT9B2DtpfE4Ryrwvcg3+O/KXqjE=","ohmWNRy1jTvrozS2JJyII1kvM3Dcn1qZnVY/qj3TDAo=","LJQfF7WkrI/NWSQ9wt6qUcjWSTG/VUieDhB8PqKgPE8=","QMAf3C1LRxFB+qBd3Zwh1/cFPRBu2M+LEm+9+yx4/h0=","U+w8/4I7zNJnSttuIM/oRElqZEI6xlTo2oSnw5mxdsU=","+o2dSh+Y1w1vXqlTaPQKUBP5OJPyitf1JqoQSQWQa/g=","ol/AOh5DtwRHI/RcgeWqude5jy7rgq3dquMQxYaERwY=","uHvoURoUhQlnbbSfRvZBcaoi1+0XnPRs3KO7LgHSeN0=","yabbYubrgbDlRqTWQq7VMW8gan95DVM6a+5p0BGWNrQ=","PzM/y0VEPTvzCiU7+i9c5QK9UpF3Jl7U8sMYn701kUI=","lNaLf8X54QTaF74bsPvE+i95Gvo0olGLcQQShg6TSeU=","qZLR3er1yB9lJHE7iHjjCxUrLtu0QluWABrQi0oa7iE=","vEjSxUO63VEMjv4vmJaBXXKtgEyxs0AtUq8WRJR9e4M=","Cb2oP8CClreEaXDIpH1ApLRhih7496GtRBzvEDQdnvU=","W1B0QDfULqsGnXYzxaw2qrVkZrgOQT8UDQ9QfG9HtXI=","odZsZfjrNbPk2/7LnEXWNfHgQ4QENNbsKYAJJrEDAEQ=","5uL0irRZ0KvFFcygiyoDZvzdwqV/evo0CJl7DAEz+2c=","15GNN1GAVbC8pWy8t55djpcV1Pcr/peS2rRISZzRuWc=","pe3l/KtqK8uyTgfwvnE2qKmyTxcYg2s251IIOvPy7+4=","/GfCmdN5dfFwL/KKJSdtyy3H3V8THSGQkviiqDb2Fzo=","feA4o3+qWiV1NvdLqKZiumgIWlHjYMd7Cf09Lb4ias4=","4TXoH86jNTsTrAb5SCzOX9GDWve359twZWIXeNlPz0E=","SMOmgdPN/TRH4rv2iKVNlX8Psy0l8x+06LFE0dxX2dU=","QUghilr76CZjr6aW/j8KvV32FzFZPAGBkJt6WeBv6Kg=","4msr/s3YWkKon2WlcSesL1OlXj6VQ7MFZSx1L+ucocc=","VeNq+38l3wxSv6kZypLEXkQWsDOOhffUZg7V3HdYftQ=","EzS5ibQWNp630gKz3MlxXduQjZtQY01cS5mOOAq6sOg=","L8/zljj7wPIlK0eW09mQoGc3IFRvp05KQveGZAac6+s=","CrEsFKjmmBaPHMfpU5kTCrV93GDzjRnouX+hudRDOLI=","LQM2H7drmuNHcvs5ckH7yrXrY4wv9nv+vBOk9EBZ7Dg=","XAuFyFRzifjJOfjk9fwdllR0QZGHbXE9B5To4O+UdHs=","iO3+ZhI6scCzyuw9p/go+fYpbhggWCFdtX07uR6CGuY=","koXnipb7GsUrQi7uMZPNOl8GByzIbr6YqSQ0sanhYW0=","w6aszs4OdLlXxMLB/j8Xn2wK0D3zkZemfigBeikbR/U=","YJlEmrGCV1LhQi8LM1JNoy/XqG5nIDfXk9MSwNbDVP4=","4myWUE7RnNSuFv30kgvoKHEydBfgYm5exakiFah9Th8=","cduY2v1Gd7fEh/hXttw4Eu6KDbXD+fD8N7zTuu9XDNk=","d67Vsb7Hiqp+TZRk42dDZzFKlIeFXGYRcuLSOAQN/WU=","VI1/LBT3qkUk/kTdoYV5s1B+5i2uxOF8l6Q/TkNdHOg=","JmNaU3w/aRf+mgsqTJtqmEaHWmCkxg4297CeJkZh4h8=","fInndI5n+HslvlbA1y3ORJvT+cYrFfGdhXzZIRKxmas=","PBirbBj8qiz8t0dPJWkkxryEUtk9UE+aygtwaNuWqe8=","W7mHP3NkVkyUl1LbpqsuMWpQgYnTPepMRn0VJQ8wiM4=","tgz64dsnLSgKlrABoPbBkk5tGNt6hkW2Ne62kVDA8Hg=","iyJJqVS4f6OTQePbz1xTaKq9NjRsmUEC0hBp8F6Ugmg=","DRJ3LXYBnKhq5ST6av//e+WSPCAjrOL1ful1e03U5Z4=","5HY+zEFAmeimxDTwrt0okDPB4FGSy1z+JqEuReHCno0=","R03cEyqDp2IFJrO3lq6IhQHqu2qpgyPTe8t4lsgQB3k=","uY/BEcR6jftL/bimGBAFFn2wLCnhmgjnVXmRAVFz1eI=","XkpPWdTwRqAKYzqyF4LneFVI1+zWtUC4H/k9Q8sAmfQ=","BtNAgOwRboQuOmjZFs3zuQf2pYWmAQA5DRmQWW0vr44=","OoQJ4MWovsgV2Afu8ChRrT46AR4XncL+B+S3Djd7ch0=","WYbdaguAgGX+UaunA31+yhQL7KW2XrC+HU/vlP6NCuI=","z1wYNNwgEoOt7C6lmLTXiS83gEFMqbx4BPtdCYaLWgI=","j1eU0m7Fs2ggUUjNhxpcq7avYHLE16Qzp46YyfR2W5M=","x84Gyelh0M/1/NN84TcIBpRr8sXJCwv8PAGEn+0Swzw=","5vhjX/KxvUExVkqj04w8PrNhnWAViZLiovFFcZs/33M=","esSWG+LPV8xRYXnl2p3bcviG6s1I3uNm3MNMsFhMWAE=","sFX9XomtuBxb3cpyNC844mRZeSjmymbRiVaUDgjwmRg=","w+2K1W9KpAcM5kOCJr5RU5VWNT9D16Y9J2IslnOZXiI=","6weId4xh1gX+JOkiKApNc2au+vf/Ao/Ruh3iNRNieKk=","2VyTcf4/JOU9bT5N1aS7m/KkruNa/C2Wla+oL4222L4=","GK3hTeUUchY277aqtRE35624R1PQSHzk8Yfrb2hTpKo=","GSFRL36tRFo1jXZrer3+yo2cPY0UfbJaGv6b0H5H+28=","FMCizCyPSQqa8Q+vu4HMnW9Zpp5Fz3S+oE74i9jW1iU=","TWbLQpbUkHdR/qfwrgql7u5Cm8s6dFY8XeG3Zb3r+2o="],"block_size":4096,"path":"data/css/common.css"},{"block_hashes":["5m9xoSif66/2YF76lqSfX22oAUZbtkixl2i6rtKhlxg=","ojkWZN4XlllR4D1ldAvEbz9f0fyAx6pRJUCPf1XH/m8=","8hg9WRkFyv8YyOtGl//SsCWmYZaJ6xwsJ7Oof+IJcEw=","4S+Krxw4TFihLe/+59+4rr3oi12js1MDYewpgq5L8rA=","jHlM9aZXpix40qLovtuRihoj61DnQSbHsZKiFJQ/TtI="],"block_size":4096,"path":"data/js/common.js"},{"block_hashes":["a9x2aWfaWzFX1GW0KPqYYeAXYnxin17kChXC/lkV7Q0="],"block_size":4096,"path":"data/js/common2.js"},{"block_hashes":["jim/pC5xm4sFw0HT2NJq7C/5tm04OqZ+IGZGqEMThK0="],"block_size":4096,"path":"data/js/common3.js"},{"block_hashes":["13BHv47CuVvFEB1Rsgm95FggmWWTG9wY8DhPAXhQ804="],"block_size":4096,"path":"data/js/common4.js"},{"block_hashes":["HLcMKh11D6l2tIYoCLrIGM3rNp8dObXZJN6SOBB1GIg=","5G8/XdpNDrJvFCmHwtQTuz4MfZdAChLN6vUq0C13NYk=","NHYKc3KfqxNFlJ9Y1SdoVVUeP6iPQc7G3MSavVVR9dQ=","WwtYN2qVtDc0pGdNwNz1zmFOJLnY42XNs5cY4TH5EPs=","wfE1kBBHI6aJ4RpNmMbQHbSMLPHtHuK2Vg/GtZi8KVs=","Ky1MHBFn2/3ApoIvf5z9ZkEuuCJUSUtL8N+zssmMjF4=","9M5XZ9b/E/3P/ZGHFq25Tq1D3lbj1WXxBYKic9Rzd7M=","3oTr00MC17uNtv7IH3S/CQQbfgKoDTfU8eASP6hhDjY=","82vDPp/+voc3Tf6+rt7nj8tdBDwO+P2qbAu7d0w40Vo=","6rfa36LzB63A1/ZxFLetkM4ZdKzpmTQrzHmSHCKZggY=","31W3EqOx+e0v8VjgmO0PA6+LNo5jK/5nb0QVUHtgvj8=","v2mngb0jtrrEXOf7rKBMxBiTE8g40iYrdBsKCUMBUws=","GLkUFCBO1SxshlV2blHjI/enlPDXDuHWS7dLUMDRuEw=","oyS3q+J5EggnCi28aT3wlSDoM2L7dXZsEClllKRZ3Go=","Cv4LhXaAQS5z0JlH0Gmfzjzz9rUq7kqPR6J5gpybVdg=","iiEkMDLSz49N4u2ZKUXzW7A8zJX96ACHVcNPkHKDW4k=","9xzN7KxGr+MpHjHnMLm/yRMcEpR8QbGpb7cHpW2Hedc=","J1l3D2+54+XhGyTLb4ImcewzrXc5S3AWfeUaq91/ue8=","kcxkIMVcE5gz5IjZyZitHkZ1uXX7jO7NWyS61ooGQA0=","C8Rvxk5c7s+a4vFlc/i4rLINmDU/S0JDLzkQw4P5XJ0=","fBI9L+/FEcyEDTSLLBFhAV9LDkiyKQyPDzm4O6qJpZ4=","Aca5b94BoVeDfFwo1+SsKuenusgcMHn10PFwccrNvAg=","Emo6GyLSZXjbCOuGlKp4KI57pMZex4lWScoOSmYEPX8=","/GQQcRYgh9p5t6+lK+JE6z8+kxbi7S3IuZ9g78+Mteo=","9Ky3PRKcccNOgWTUN1r8u59Qa0jdKIADxI4puPqJFYc=","STLC3bBm/B6VY5PDhY5nny+vJiXLh+FTN3YJf7gy8Z8=","hpAIg3iBd6Fa6WcdJQWIt2pZmLVGIYFqOM1lbo4CSNQ=","6t5A/2F5V1SPt8Kw/dJ6F9DSAXbgNfjPNTWCBsxvN38=","wyVM6xSnBVJ0HflDm08x7QNzJ3ye05ZxTprpx/QOdBI=","KuhdT1Wej6gWvAmo8WewyDbF+C5pHXAQNr7bVeTR4mg=","puKGtKJj1nJeW0Gj/MlDhCBbPJf3ELhT2es8k8Pf7K8=","7T1f3KSVG2xy3UAAWtzcMk+gjdoWhwYIpsdPaoF4mPY=","TdXcuYeV4Z/UumB8ESCgQb9/vsIMK+1V3BqvXXtpGg0=","dhRnHPeTz5RVG+btbN81wql+CsEGguX7ZAR24U/EoCk=","vZ7q1WaeoJ+fCd4q1vNk62XOUjx0wZM15qNFMV+lUwQ="],"block_size":4096,"path":"data/js/common5.js"},{"block_hashes":["Cst17xBWDcO05IVszTU19hK9G5T4WeP6AIRd7EcvGvs=","UsCIRTwhXo6+2Bgtb9CrNza3U1OLSEE8zVLj6onEGQc=","2Ecw6a85OG4Gu4v8qpha07XAm0q1e7ebcD3S4fcdZHM=","EDLX3Mn5ZM8aCqQfCaL1Zwow5AK0Jm9vj1YFcuEoFaM="],"block_size":4096,"path":"data/js/common6.js"},{"block_hashes":["9iiaTULx4+a5mE83jm+8oJj0ZW4pXRBrkNQTku0BnP8="],"block_size":4096,"path":"data/js/common7.js"},{"block_hashes":["NSsFIjmp6XGQvXrXTCxSx/7njvdX3PDrzN6pHIhXhAU="],"block_size":4096,"path":"data/js/common8.js"},{"block_hashes":["gv3VxCIQC/nLiXy+UXZ4xye68+AIfudarVUM30mzPOQ="],"block_size":4096,"path":"data/js/embeds.js"},{"block_hashes":["DbBnZVDe/kj74OHPxfQlyEB+Q0Wvh0rCWQirHpEJnJY="],"block_size":4096,"path":"data/js/forbes.com.js"},{"block_hashes":["vYUEhic3YnD8L6gKRbjM6R17iN6Y7wavE5/jqcCKClQ="],"block_size":4096,"path":"data/js/murciaregion.com.js"},{"block_hashes":["lBo2HYUqHdrjP0L1AnzO25qN+jOi1NnsMRDfxbl7QN4="],"block_size":4096,"path":"data/js/npostart.nl.js"},{"block_hashes":["W3eAG3ti76z9baVvJMhbQSf2j1e2O7JlWeFPIyazLu0="],"block_size":4096,"path":"data/js/pentaxforum.nl.js"},{"block_hashes":["X0AaFJiGRglQhEeHPWqJv2sDqonF/zZYRhm9H/7TcrQ="],"block_size":4096,"path":"data/js/washingtonpost.com.js"},{"block_hashes":["17jeiso4ffYlVaig1i6B4dS8+22OLDYgtsW/wRT+228="],"block_size":4096,"path":"data/menu/index.html"},{"block_hashes":["9Gq8nn3oGZCffnpzvP4nLKn6yDpwgmH6b7f2tvkqAMM="],"block_size":4096,"path":"data/menu/script.js"},{"block_hashes":["QSSKgEJaHNUkIhsPZfO1P6cyfVPUDVjQPtP+I9HBOWk="],"block_size":4096,"path":"data/menu/style.css"},{"block_hashes":["We2awY5XhPxIP77LGvKpdJZX9Myh3ldN7LD2JKHpMv4="],"block_size":4096,"path":"data/options.html"},{"block_hashes":["fS+SgKIcooKyb3I68EIpHZVGASqtDzreb1CjtrIDpw0="],"block_size":4096,"path":"data/options.js"},{"block_hashes":["X4ydmDCibBAQbbf/KCm+qBAkMF1rjFJ7MrehKZa2wTE=","nIRfnz65KXPwvmgZ5LqWUCfgJt+kiA/7IgrKgifHBpY=","nH/w73zqMSKGWHH/rvyYo8A6s7bvllyJ9Zb6xxnvACE=","H+MK3NkDlxEYHcbCnkg37jz9TWUjq6RqGToAUXUqC+8=","GcsN2hDjg4lXVgcxbTOLJLrBBVQ45nzmY5DUrUc1wnE=","X57xjy0qqOHBraMst7ICU+bZr0blP0bxJnB8+u615RM=","wdMZ46p5ewMJwf9NcYGJjXJcYyWJ1a7sTr4BihAoRfs=","B8GN1swy3VYc6uzW12gW1d3jw9+AUD6wWrSUZ7ZsTeM=","Ft1/8gEQOLSouV3emFas2MAHAJvBXuuYFkL0dDO+hxI=","q8/Yn5723t+SQHDdjxDRKiyzXptJq5PU5hEPpKM+/sw=","LpFVNZWXwr4OqDRk23m67E6a7UC6sNL3hVTsmsXgAmk=","mdw7yTglmi+y4iAbAIabn+usezB//Di8FLidltOhPZw=","O8TIrTDL0VBwesB0x1SsRCmVhpWc7nbP9RcSiAN56x0=","vLg6xpeNHRGOkS6/pQ5qchuN5IQWEYnYGMH3fMLTckI=","mxJUn0+dFkGPhyUOicZbEMiMYdigogAwPzHbTb9w9L8=","ALsIPvGMyEp00cUKyMpNoo3m6bmQkg6cr5EKVRNZDsw=","fcChf4bxiXxoTiqL/FvO/5MeHPWwnWMcA4/hcLR809w=","AFJlnZe0xIEbYQPl0v5uUzTPwXIxX9xySLgO/yqQFTM=","JgyesorWI1rJpcLd+akSokahbs3U5IOATThbLW6q3rk=","NEVxyZhXHLf9vvPl1pORcAQNGmDfbezyviEo/scIkAQ=","E9Ghue8u4u2wJVctPAPZEsZEw8mIm4AmAUPnc4xy+8c=","P07xktIjmdHSndTjfXEexTxj+x0FaWEMXCpB7G2xwJs=","+Hpfqe5cjnFafZ8xR3vgjGny/00fprTDUK5vujru7e0=","OtQ4i+r3kQErGnYpLh0vgjvsq5jOyCxcMysTD89z8G8=","gMpxTVtGBwXlvo2yewrjUVGUqc01WbqmtNgSEiwODXc=","LwBZHxNinbCDqqFF17jwXPCGjRhMEYcGhMuJB6f//7o=","0e+vbNkLDNoEbxhHv4JM07sQvZyXNhjNbzEoDovruNc=","Rir9dPimLC4JYoYd1ZlsiJkUvuU0FWun/r0qffPgGDg=","N04C360GF3bvF/T5z6sCWFfOlDc7PWlI+th+944TEkQ=","DFQodkctYvK3sgPiOx+k9CXHwt+4Uhy+tpBEqXlSZFc=","ZlL73/0HtKjJfgwZ5SSZTJkKH1esT6mumhPLruIspiw=","ud2E7Epp64ARxhVFSGg1ptA7knU5eXwNqDhIceFZdGA=","ytt/r9cP/j0bUgjTCGjSbZbbpueCzqb1gp3HW+OMP98=","+4VYF0jWr3ICZT+y3SLt3njy/yi++Wu8OH76bP0Ijgs=","6HPaGWtWwWz7aOp4OJgZnUzW3U8mjninBag6f/GhT6I=","TfXPuYcTazQiSOG5oS3c1lTIlY9Vxsworv2cyXUITQI=","di5tcbdkObVgfnf7idgsFXtgqEPSGK9rEK3HlN1iG08=","vrCYoH5o1zZUQdK9eprueqFwKRnX5yfDx74kvzd+fsU=","F0zdnV7EDv5fR0IkmZYMmW/HBbycv96QmWNT3ffpJlk=","xbYX81DhQOQmm28mIf7wD99+mhOxlvlX7xztuRSpxFI=","ZdIv7/EMhQC/gR+lR70l1Ny6zTFp/EvFbvr/bdamRdA=","+3fEO+G1b23VzmP9XzLBWipKVeRlWAQ2uZDP5GnGTYw=","0NM73zqix8VXAtFMPrpabjRQj0Nt9VpSVM1Axehehzg=","Iy7VW2gplsP5q/6SB+WcstEkXyq5jd2+41jDflhilBw=","n9Ufsn1xVX97OMKK+EtV8BrgiyWJB0LCoRaluq+njsE=","0NeFDLc9K90wVMyxcxV/9YtH4EPToIOjik0cLd5QAzQ=","GIrQ7jko1zJ7sq6ol6xtxFSxyNZPdBotVEtwuV+kqu4=","UwcWYzgQwyA62ZDXmzj7JSKiYvI0Eu7pGWnM8UKFwPQ=","nedDIKyD2H2DB4WILuGtt1zARwvC7gUfJ1xExZgyUL0=","65S6hG6kR38QyVuQd7Afax24w5Y7ZAuLBCoacBFLf6s=","XwRUoRL/E8tBdLeTkEAE0CIujIso9b25kqocX9KeQPk=","XngU1T9J7G7CEw64qEdw/+jmAop+n5vJUx6XTKilHbM=","aj/E7RBPseKmCbHILg8gSPKj18Sc1tD4+UBtF+gO0Aw=","CnAZd21mHqoIephN1SNXQtbnOPmE5yQPeABh3tZZaXY=","/oyc0+BQOcX2UCs2q50P31CAJjc/Ouf2yQWZa97IJxQ=","AfwYhMgupjRFe1f5VNPbgahaSALwg16UN6ly9An0lQY=","duOFcQszyEdyYpS+hQmY+V+/gCTVObvRuRfiCdifXAI=","6kH1pe9xmBDffsYJkmbcBsotZzDiN8UvobJqBf1OizM=","XU+waw67ox2vn7EfLIcqZ/8Ty9s1wgSWpmCO1D/xyvE=","S188beJBIj2A/ma+RoeWZEK3LIZU8b8YG9+FOMCY5J4=","SO0w3Sbxe2hxDEdde8n9Q7qCC/wF7sWy/rSwbSdOXyw=","rtrfjF/E9saaXAllxmztHEAbmMw7fOqUv6XuMVcw//o=","/6PeABL7LwcYeL7+ufjJzZ3/Jbya2dI7BCUPvmWmoc0=","6vgKhtlcA4gmO5fzmKNdfXO1KZ63CsbdrB7+Hvy0rpY=","Bt98q3M6TgHrt0iQMkPBixbcJQupA/ixVvG9ox5PKcc=","F83v0fUP0QBkSNWVOkhdF677phb1ltUsn7Li3QNjbwA=","W54+9QG37f2J5xKY8u2w3JvMMneIs5vXWVlbE1SgXSM=","82AgO/xPKaJ6U3w5GCc14OT/dUcbwpTiQFELserC+1g=","B0f9CxaJcMcrtXSWlwrJaKO1b515whGn3IlwD1mR4gE=","g8pYTI/yaRz0ITo3uNJEK9fOo0ewAQwgvtJCOJiGg4E=","4hVjLyaeHLinWTDByYbMF1RR5TVr3buVs7wGucxMAAE=","g08u8q8UKGu+Ch+jt2Qq3HNqa6qKdFzT6QOEEVigHlM=","ZwXXSEZ+at3+7fN6XoA5zOXCZdBJ489fiYeQ/KCWbyk=","wfWaRsC87Ep9Aye/IyDtjSv/NcQ6Hf+ufiPsqq+hdes=","yBASqg2H6xy5313RYhbWt30DQKA8vqYnm0mBR7axRGU=","hg41yZnpZamGmW70X5BXSAa8DsJplu7a1fwx3lPPsCg=","6MqfBaq68boqe8NC+P2XhHF9qBqmNIO45PoTfctQJ+M=","i7SIc+YzpDjgEDNyYMzNORCbM/7Hx61STsEomUvF6ww=","WUb/fHwEtKZrYnvi0LZn6fyeZgo4m5Xj/oE0ryAYNcQ=","UeiKGq87FuXyTyU0zeNNiHTjawVkM6C8AD36zCq+pd8=","ES7AbV0JWUXKKZfGA8s3Dk3ueiT0T0eFuOablwSHay0=","1RMh8/vmt8ysec3ECozRP/tEJdH05HHcMuJBwroc4jE=","baSCYgJ38k98EfbWe6H+Tca2713/1bohOI5wE4qM9jI=","JeM/IAb/L2j+k/oGGpU7veKphmobklzzt6f7QJHMyLc=","Buadl0NPdAQL5qreVE+Bd7r0mTmay7wI3MvaQxpMXbY=","K/zK5E1+rBP97UmXS7IvD0DcV1KfDIn2rzb4rZL9Z2c=","geWkTEBbmgASMcpaVX7I3DwtR5aZGgBGZGnJF+VeVUI=","Os9f+EbLR1ksr9/8I3XKj6HhfrKbJpS8q0vB34e3yC8=","/0jGgL/D55fh5t+SggxDEhu/o2oVawl/D4eiUG6rnvQ=","b9emgZLeSBvidw4Lw1LhfcVYTdddIoaWzoXbA/Lriro=","JWC90Xi2gfiDfHiYmJEBk4W3RuZRUxkDejZSOwx+IP4=","YTBd2+6d7ojNAfOpbZBmuJ/Kh8udwojaKPmOtVKtYlY=","WSvBmVwn4P4E6eN+rsdIXYs3WX0+z8SIuert6DDHAhA=","jVLemfA/jEPzOKg4ooxompjEGxc5LDhlgTfBuErdwmo=","hutR/h5+r/RyTWTOeFPHgXKb+aa/DVfyCKgI/SOLJcU=","j8ms4pgRVBAo7rZK6W57p+3IyztSI0TVosC3hnf/Pwo=","FeM9IRrEsQaP2IRa/G3vpHsSXNXi/gZ+96j3niznk6Y=","pzJIAB43/3ju683ZX6hvoKXD9k90NCdDedlf3n/8Rjc=","w4ISx938xltPKJp8QbUoWlFAif8TLd6r+XUj0VcnDaA=","7owkDX+0KNsSUa9jSVDOG3TysfjiSZXGEpHAyJBgbZs=","Da7t5elVYa2smzN2dRJW3s5pL+8Soi4vXkKY7NU29KE=","O54c2tf+VmQwQSM2/jC3dIiOY+E2TQCV3aNGp7WA//k=","J86yFKAtRbkAUXGwD56fkU1xi7rdeNno8haw3BuYVlM=","pVjPTP448eUeHa+df/RRCL4EVXisSl+9w9jFprDDlTk=","yW8q84QMgNw+NmtBbWeL2+TWvSvlff48qps8mJT1jxw=","m82W1fRY2axdasXFs2cj46UqFHfr9LiQ/i+/eIrlsCs=","sLw2e3d7CSxqSvF2/ZGHhKpwOjSTOg8LuRw1zqLK+0k=","TQ7JpPGiIi9IDI1iIcH74rJTj6/biqAq/ArjOiR0lTU=","pmVUgeXOX5dKoRG06wA/hHYD1SqHhQKMYv4pzJ5lIr8=","eC5tpOIekaE+R+zyu51uYRxaszzqdiEHsrZlPsbTF7g=","cOFkY4nLj4x/cyYe43UzPZFkxuHJe9WRXVegaGGbVEw=","oQrS9sGkD5fJ0YTYHKl0SoNrFF85UPrv1W7aD+M2JCQ=","S06Hvz5wmcAZ7iK42iUp5dl9BYnhA9PUzzUC05FlyBE=","LAltim3uoJfYOmlOg2mfBeY04DC3A9x45iz6JeFh5X0=","hnv5qttE5XNag+3wEplXLRfkiPYaB5Nd5dPjeKwCNKA=","bKKXvBhbmRwnaOGrY841kVSFsdU9vNUp15xi7VNLtVk=","9RTAJdUKt9yA4zVa99azj96ngkx00vebyRzcYN5JraA=","Z6D01m6NMCQpli9srvfQuIZlnuNpZht8S83LljZzdtQ=","k1GIQTxOmxKJOne4/hR3uqjytIH6YL5dqJBXSBhNSrA=","9bcaSh4HyULtOnAtqvl6Ci5kwrezfBafkN2/E6av3HA=","yXmdsgDTnPyhgb3wfY3DV2CFrjlRhVXacHUlDRrbQAA=","eXEczcM/ue5HqZVA52/138PBZVHtOxSjRhrJm57ZGCg=","tuxrvtvZm+0mzUpRd2e+Ty7OD3Kf29+7QBZ7qCGuOnU=","L49jJdRMAzgHczTcBIlWSvDLI/cwhXPPzpl31ihOAbI=","v3RzJDyXs2iJgJyPFPfMMtHJNsmx1Ddd3VsALdfoHT0=","jb3wABQ9qbJo0b45X33VJxsAe4xTtQgvYPQkSRoweVQ=","uJDyW7AFQLjCOLGkB5R94zhbvgMqgEfh4oBLWY0FBig=","CZJuR9CbEFNTedN0FdFTp4mTsGtSrFhmqwDEIeRsWio=","ERxwca/0IWExdYPc+DtgmkwZbQTlnUSLgzN3rQh4vcY=","MkmUUaIwoXXFlXoTrqc/I+DU5Q1P8riwn1FMtH+54aQ=","/wF1Xf7zMwUZ5m4eoF7P4Ed9NsGDCW7+nQ05hfJs1eY=","X2O1cqnWBMOYVzgJI+7lq/yT/ft/FxqeZJdbvsANZ6g=","xG8ZGhk5lHETTf9h642eaOFodbyw7ALZQ+V0wLrk2zo=","khl2+Cecp7+AlHTp0Ps/Tky5xjTJ7FtFhxk35WQjtD0=","k1cA9V+7IYdGqVlFxy6EyaAkWSVN5dC5mMQvMyLvfvc=","Ja7hIBYrI2rccmrBOfnLxLJowmvhJW2EQl08nGBHMpU=","0wh/U2hBKlt2hy4iarOavg9XXYmsdUanXLsV5HCg3F4=","MMXvMJFKs/mFXiS7MuYfGGXItFQTZTsawB0MVzBuqZ0=","RZb0w5KHfIFvqnAZafo8A924BbhugGIkDpTLXf3DJdo=","WF5HkIqNabeCCaElIOKJwwQWR/N9ty40INro7zdDU70=","t7Iz2BDrM/MpBlbK3XJOTOFxP3kzeAG88d+Erm1rb+A=","5pqjbu7wKNr57/E9ulOLj0Gp894mdkypWL22EvqqyaM=","tOWoMD27L6Ax16pj4p2wu2U+4y/xk7IAe7fEr1tJRwE=","dSw4WCe7DHTLdcmoCnxa3TrTIccKUVQ5DpKikj7+J54=","AbaUmphDbjZB3D4RVzJaPSe9LsHuQBYID43ryQT3T94=","qXWDojkyHdzmxgIb2meKmfEb5iEeMu57T1OlbnQtfXo=","ydevLM/ewiajnYj6w5ceK5zlOr85TJWt+KiplDpVEZE=","lZIMzXUuYrh4eP5d1RY+MOZwB31BN/f43s0wsf+97bk="],"block_size":4096,"path":"data/rules.js"},{"block_hashes":["mrMPtvweY2b6HdpyMdZCSJPDx3pIpraDCbvLzR6u6xY="],"block_size":4096,"path":"LICENSE"}],"version":2}